{"cameraMode":{"drawMode":0,"name":"Shaded","section":"Shading Mode"},"sceneLighting":false,"audioPlay":false,"sceneViewState":{"m_AlwaysRefresh":false,"showFog":true,"showSkybox":false,"showFlares":true,"showImageEffects":true,"showParticleSystems":true,"showVisualEffectGraphs":true,"m_FxEnabled":true},"in2DMode":false,"pivot":{"x":-0.027991794049739839,"y":0.9814421534538269,"z":0.17465496063232423},"rotation":{"x":0.5144719481468201,"y":0.005589669570326805,"z":-0.004010150674730539,"w":0.857675313949585},"size":0.7510002255439758,"orthographic":false}