{"cameraMode":{"drawMode":0,"name":"Shaded","section":"Shading Mode"},"sceneLighting":false,"audioPlay":false,"sceneViewState":{"m_AlwaysRefresh":false,"showFog":true,"showSkybox":false,"showFlares":true,"showImageEffects":true,"showParticleSystems":true,"showVisualEffectGraphs":true,"m_FxEnabled":true},"in2DMode":false,"pivot":{"x":0.3828665614128113,"y":-3.1424615383148195,"z":0.1862330585718155},"rotation":{"x":0.7149102091789246,"y":0.05647043138742447,"z":-0.05921462923288345,"w":0.694682240486145},"size":3.5189502239227297,"orthographic":false}