{"cameraMode":{"drawMode":0,"name":"Shaded","section":"Shading Mode"},"sceneLighting":false,"audioPlay":false,"sceneViewState":{"m_AlwaysRefresh":false,"showFog":true,"showSkybox":false,"showFlares":true,"showImageEffects":true,"showParticleSystems":true,"showVisualEffectGraphs":true,"m_FxEnabled":true},"in2DMode":false,"pivot":{"x":0.0004999786615371704,"y":0.22499999403953553,"z":0.024999991059303285},"rotation":{"x":0.0015415202360600234,"y":-0.9962008595466614,"z":0.0856967568397522,"w":0.01822550594806671},"size":0.3281010389328003,"orthographic":false}